"","p_val","avg_log2FC","pct.1","pct.2","p_val_adj"
"TMSB4X",1.94155184683388e-301,-0.463858058905235,0.998,1,6.2822793108004e-297
"SH3BGRL3",2.83967029744048e-298,-0.498869647564391,0.972,0.989,9.18832118142815e-294
"ACTB",7.51289376023597e-297,-0.522849952822491,0.972,0.991,2.43094703399955e-292
"MALAT1",2.49592943622401e-296,-0.76153499167985,0.88,0.926,8.07607887679003e-292
"B2M",5.403654599711e-291,-0.425103631692283,0.999,1,1.74846051882849e-286
"NRGN",5.41370640066165e-279,-0.410877616393358,0.99,0.991,1.75171298006209e-274
"PPBP",9.08059060212881e-260,-0.405413828020719,0.996,0.986,2.93820670113082e-255
"MT-CO1",7.62399784523944e-255,-0.498241073593166,0.96,0.969,2.46689698278413e-250
"FTH1",3.18452843615238e-241,-0.388730488975449,0.999,0.998,1.03041786608583e-236
"MYL6",4.17273811181973e-237,-0.558726967175737,0.91,0.938,1.35017287084151e-232
"MT-CO2",3.33763340845537e-232,-0.468470370173534,0.963,0.958,1.0799580419739e-227
"SERF2",2.10538561692758e-225,-0.556351031909251,0.908,0.929,6.81239624069258e-221
"CLU",2.20769912410325e-218,-0.573410730918583,0.88,0.914,7.14345205586087e-214
"FTL",1.5852306614047e-210,-0.400200927803305,0.983,0.982,5.12933085110718e-206
"CCL5",1.47837472227712e-206,-0.386512911706875,0.979,0.97,4.78357708887207e-202
"MT-ND2",3.83962681894859e-206,-0.462986177265119,0.958,0.952,1.2423880498072e-201
"HLA-E",4.15198813834267e-204,-0.453356931687417,0.918,0.928,1.34345880192354e-199
"MT-ATP6",1.73553475800432e-197,-0.459606151493479,0.948,0.937,5.61566981647457e-193
"MT-CO3",5.85287552603536e-193,-0.492474870677095,0.92,0.92,1.89381493395926e-188
"RPLP1",1.12756371100774e-187,-0.88284968572444,0.689,0.789,3.64845789970776e-183
"OAZ1",1.83769397967117e-187,-0.332622664613048,0.974,0.977,5.94622641002199e-183
"GNAS",4.08323103594929e-185,-0.405909353872322,0.962,0.945,1.32121106630211e-180
"ACTG1",3.04171563736257e-183,-0.625823933613598,0.806,0.863,9.84207928781406e-179
"OST4",1.57446070371209e-173,-0.380815256100689,0.967,0.946,5.09448249900122e-169
"NCOA4",1.61363154196084e-167,-0.503868484256293,0.875,0.89,5.22122758032267e-163
"MT-CYB",1.67130019714537e-167,-0.471031864981653,0.903,0.895,5.40782604790326e-163
"TAGLN2",4.57652137148105e-166,-0.326966025859401,0.98,0.952,1.48082502017012e-161
"HLA-B",2.38550446021905e-163,-0.465141670022906,0.89,0.878,7.71877678193079e-159
"GNG11",8.01235013988599e-163,-0.286396847337831,0.994,0.965,2.59255613476291e-158
"CAVIN2",1.06127289489979e-158,-0.27312650742072,0.991,0.968,3.43396070602726e-154
"TLN1",3.05108571322369e-158,-0.386831859747256,0.905,0.886,9.87239804227789e-154
"EEF1A1",1.31067492830911e-155,-1.05646252446566,0.567,0.711,4.24095086552978e-151
"RPS12",2.0533697904918e-155,-1.049611869511,0.57,0.717,6.64408863109431e-151
"TPT1",4.04802452624778e-155,-0.68883721270815,0.76,0.796,1.30981929595799e-150
"MT-ND4",3.7833222465702e-149,-0.496599140597856,0.87,0.859,1.22416957932272e-144
"PF4",2.61227656196039e-143,-0.264920657134405,0.993,0.96,8.45254327153523e-139
"PRKAR2B",2.93813631938506e-143,-0.356186827613924,0.924,0.877,9.50692768863423e-139
"LYL1",8.35439920898621e-136,1.52806425206183,0.544,0.149,2.70323295205167e-131
"RPL10",2.8327855168297e-124,-0.730934807829007,0.708,0.739,9.16604409680585e-120
"NFE2",5.77662628987462e-123,1.60030310129155,0.476,0.121,1.86914296861473e-118
"ARPC1B",2.39830513954797e-122,-0.544348414759515,0.792,0.79,7.76019594003537e-118
"RPL41",9.59345985855819e-117,-0.748469087272748,0.682,0.723,3.10415580643367e-112
"CNST",6.01847038534221e-108,1.18638662165314,0.576,0.195,1.94739646258518e-103
"MT-ND1",5.49500962218913e-107,-0.489613718202354,0.828,0.802,1.77802026345174e-102
"RPL13",9.71407266507476e-105,-0.980787631403489,0.528,0.645,3.14318249223824e-100
"RPS24",2.64771792079651e-104,-1.40538439917668,0.33,0.529,8.56722087632126e-100
"RBM38",7.00167121978219e-104,1.3033020826507,0.474,0.136,2.26553075658492e-99
"FAM110A",5.28124519303739e-102,1.40889841358448,0.449,0.125,1.70885250711111e-97
"DAB2",8.32569232671063e-100,1.05639875190818,0.623,0.231,2.69394426615376e-95
"IFRD1",2.16964160370358e-99,1.54637270981884,0.376,0.086,7.02030933710367e-95
"HLA-C",9.87686294647353e-99,-0.374108333071844,0.874,0.821,3.19585654359044e-94
"TMSB10",5.12157622610477e-98,-1.16083904741352,0.424,0.58,1.65718841948072e-93
"HLA-A",2.22933931148057e-97,-0.381504493480191,0.845,0.797,7.21347321015769e-93
"MYL9",2.35616967436558e-96,-0.752867337681494,0.615,0.689,7.62385821534469e-92
"TREML1",9.46386585043592e-96,-0.505698614772615,0.767,0.759,3.06222307322555e-91
"RAP2B",1.32721984534112e-93,1.13910003362608,0.505,0.164,4.29448525357026e-89
"HEMGN",3.20466431675438e-92,1.29212049122215,0.436,0.129,1.03693323297221e-87
"RPS27",6.78600601205487e-92,-0.847832036544331,0.585,0.649,2.19574796532059e-87
"LGALS12",1.831793825504e-91,1.67048151180866,0.33,0.069,5.92713528118328e-87
"CCNG1",8.50534961097374e-91,1.47105270256261,0.373,0.094,2.75207597362277e-86
"RGCC",1.38431778204837e-90,1.3902207931568,0.402,0.112,4.4792370473739e-86
"RPS14",1.51019528657151e-90,-1.17733679102689,0.42,0.561,4.88653888875943e-86
"RPL30",1.67753954685348e-90,-1.03735815368192,0.47,0.597,5.42801471175382e-86
"SEC14L1",6.3930629408863e-90,1.18968438776857,0.462,0.146,2.06860337578258e-85
"SMIM5",5.2393118772921e-89,1.09990821328719,0.502,0.17,1.69528414413541e-84
"AL034397.3",5.95664221751738e-89,1.44055666414681,0.361,0.088,1.9273907223221e-84
"PDCD10",1.54693166259413e-88,1.08055194444322,0.531,0.188,5.00540678065582e-84
"RPS27A",2.47290091139347e-88,-0.77013726328811,0.622,0.661,8.00156547899586e-84
"RPS8",6.52892248807425e-88,-1.3620805643765,0.317,0.499,2.11256344946619e-83
"GSTO1",8.56428028384983e-87,0.827669619064997,0.83,0.405,2.77114417144529e-82
"INKA1",9.27736381066454e-87,2.1022388655401,0.266,0.041,3.00187660821672e-82
"CALM3",1.33268831536863e-86,-0.376115577387727,0.849,0.786,4.31217958203828e-82
"FRMD4B",1.54447412571049e-85,1.45213820020199,0.353,0.088,4.99745492856143e-81
"RPS18",2.87340896184055e-84,-1.24501100580862,0.346,0.517,9.29748937782745e-80
"NDUFA6",4.09034590186451e-83,0.949015936932523,0.564,0.215,1.3235132234663e-78
"RPL11",4.12362235723566e-83,-1.09247112574822,0.435,0.564,1.33428048613074e-78
"RPL34",8.83366722157086e-83,-1.13627473537305,0.413,0.552,2.85830970288368e-78
"RPS23",1.88962718271219e-82,-1.27209837913108,0.348,0.511,6.11426667510184e-78
"RAB32",8.9920906573849e-82,0.822183939879086,0.78,0.353,2.90957077401003e-77
"RPL32",1.23157136398154e-81,-1.10275064823521,0.423,0.557,3.98499546243506e-77
"PPDPF",2.80297820603007e-81,-0.478959862934087,0.787,0.75,9.06959658125149e-77
"CYTOR",5.91330980528223e-81,1.17374343432987,0.422,0.133,1.91336965369517e-76
"ELF1",6.09996883610792e-81,1.0819885558909,0.471,0.162,1.97376691629944e-76
"RPS3A",1.56424106285202e-79,-1.0578043896963,0.45,0.565,5.06141480707029e-75
"RPL28",1.14188954258609e-78,-1.01591817802568,0.459,0.574,3.69481199294581e-74
"ROCK2",7.44094971085446e-78,1.27738076388169,0.338,0.086,2.40766809794118e-73
"RPLP2",9.58754178279204e-77,-1.3292136319181,0.314,0.481,3.10224089465802e-72
"RAB27B",2.26524909244152e-76,0.811077824079709,0.746,0.338,7.32966648841301e-72
"FRMD3",2.32982143508017e-76,1.36766091676101,0.331,0.087,7.53860321748891e-72
"RASGRP2",2.87172454952005e-76,0.872897972496602,0.601,0.243,9.29203912488202e-72
"CFL1",6.61643586399137e-76,-0.630917579198073,0.656,0.677,2.14088015251169e-71
"HEXIM2",9.94344024359305e-76,1.56823222324635,0.292,0.066,3.2173989596194e-71
"STON2",1.06361592842827e-75,1.05610253217525,0.412,0.131,3.44154205961534e-71
"PSTPIP2",1.23423775380099e-75,1.02293093874239,0.458,0.16,3.99362309997385e-71
"SWI5",2.48852391229065e-75,1.14285748243448,0.378,0.113,8.05211682299885e-71
"ETFA",3.59746553597073e-75,0.829970119341565,0.639,0.272,1.16403192347405e-70
"EGLN3",4.61423029391581e-75,1.50412443304788,0.3,0.071,1.49302649620234e-70
"NEXN",5.41328585563572e-75,0.866431158701148,0.592,0.24,1.75157690430805e-70
"CLIC1",6.29712589634611e-75,0.826830797428825,0.727,0.331,2.03756102628071e-70
"TBPL1",1.23796898602754e-74,1.80112305141973,0.259,0.05,4.00569624808932e-70
"SENCR",2.41500657272029e-74,1.2167357762724,0.345,0.095,7.81423676735104e-70
"AKIRIN2",1.95629915087299e-72,0.884398134492351,0.534,0.208,6.32999716247972e-68
"SAT1",2.43163953338485e-72,-0.303554287214818,0.856,0.791,7.86805603817336e-68
"ESAM",3.62191173596457e-72,0.830838354215281,0.57,0.226,1.17194198040606e-67
"NDUFB4",5.20860838588217e-72,1.178929013053,0.348,0.1,1.68534941541989e-67
"ASAP1",2.10918536267695e-71,1.07462354745705,0.395,0.127,6.82469107801382e-67
"VAPA",3.1488395158485e-71,0.864607669183509,0.512,0.195,1.0188700021431e-66
"F13A1",7.03528918870769e-71,-0.401924779454503,0.8,0.737,2.27640852279015e-66
"TACC3",1.21667302689864e-70,0.946823978613341,0.442,0.154,3.93678891313592e-66
"CASP3",1.25412050544713e-70,1.59485751766406,0.262,0.055,4.05795771947528e-66
"SAV1",2.67733775127921e-70,1.1144479412343,0.363,0.111,8.66306176181413e-66
"TNFSF4",2.8025836899287e-70,0.984255146918419,0.432,0.15,9.06832004550229e-66
"PNMA1",8.12129692294506e-70,1.11820412499558,0.365,0.113,2.62780804535733e-65
"RPS2",2.25861008195023e-69,-1.22829347587424,0.326,0.482,7.30818464216637e-65
"DERA",5.28014783988944e-69,1.19469413877629,0.344,0.103,1.70849743655302e-64
"SIAH2",1.24413494956178e-68,1.15554024639305,0.329,0.093,4.02564745629705e-64
"EIF1B",2.75301149319144e-68,0.921153493829948,0.436,0.155,8.90791928851955e-64
"AHCTF1",9.35840020253164e-68,1.29659753228833,0.3,0.079,3.02809755353316e-63
"RPL19",9.79325116587954e-68,-1.05738952875493,0.411,0.53,3.16880227974364e-63
"VIM-AS1",1.0812716957238e-67,0.786879938173394,0.579,0.242,3.49867082585351e-63
"INAFM2",1.0150704943656e-66,0.915439168603512,0.442,0.161,3.28446359861878e-62
"PIP4P2",2.13984396162979e-66,0.951601576104068,0.423,0.15,6.92389310664551e-62
"MTPN",3.42068017518916e-66,-0.358140426693133,0.808,0.748,1.10682948428596e-61
"RPL39",3.45366615813248e-66,-1.08735429711541,0.398,0.518,1.11750275878693e-61
"RPL18A",4.67556968704731e-66,-1.32475177051538,0.284,0.442,1.5128740836379e-61
"CMIP",5.81555160146882e-66,0.767025006066922,0.548,0.217,1.88173803168727e-61
"UBE2H",9.51538481255733e-66,0.904624597735012,0.43,0.154,3.07889306379917e-61
"PPM1A",1.27176288134307e-65,0.859778639058139,0.447,0.163,4.11504315516177e-61
"SSX2IP",1.41098931967291e-65,0.858481628422015,0.486,0.188,4.56553814166562e-61
"RPS13",2.24468918765735e-65,-1.23868814846106,0.313,0.464,7.26314080450289e-61
"MEIS1",9.10670995884732e-65,1.28601154418661,0.281,0.072,2.94665814138423e-60
"ICAM2",1.84078962791039e-64,0.847168967063627,0.459,0.17,5.95624299902966e-60
"PDGFA",2.08808760155719e-64,0.774729011442011,0.569,0.239,6.75642505235861e-60
"KAT6A",3.18190961121631e-64,1.14203047808222,0.3,0.082,1.02957049290126e-59
"CRBN",3.2669877110929e-64,1.15089274819839,0.305,0.085,1.05709921367833e-59
"PYGL",3.90681757742502e-64,0.909175827758321,0.379,0.125,1.26412896352741e-59
"UBE2B",5.7295646218005e-64,1.3353021291577,0.277,0.071,1.85391522467599e-59
"PTGIR",1.31135223838026e-63,1.30094625598847,0.282,0.074,4.24314243772699e-59
"UBALD2",2.1594961718806e-63,1.32131753006008,0.273,0.069,6.98748176335405e-59
"TMBIM1",4.15181790596219e-63,0.836435033193565,0.431,0.156,1.34340371983218e-58
"RPS28",4.71667284088432e-63,-1.13274918990549,0.356,0.49,1.52617383112494e-58
"DNAJC15",1.01941951731827e-62,1.34740844399462,0.259,0.062,3.29853573218674e-58
"CD47",1.29271875980597e-62,0.830680094287674,0.435,0.159,4.18285009110416e-58
"GLUL",2.0676638211167e-62,0.870006999910065,0.405,0.144,6.6903398259873e-58
"SEPT11",2.63313134809857e-62,1.05570116164738,0.329,0.101,8.52002310304253e-58
"TMEM140",3.54555240934593e-62,0.797242343382802,0.556,0.24,1.14723439309206e-57
"SPNS1",5.0510626626517e-61,0.745255433632354,0.497,0.198,1.63437234575421e-56
"DNM3",5.42425968204483e-61,0.895762624443411,0.38,0.131,1.75512770531925e-56
"TM2D2",2.67408528313563e-60,1.22276448280795,0.273,0.073,8.65253775064195e-56
"TBXA2R",2.73984233434612e-60,1.16499934919435,0.285,0.079,8.86530784124373e-56
"RPS4X",4.46476425185369e-60,-1.06501889289238,0.397,0.507,1.4446637689723e-55
"RAB10",8.93054020860666e-60,0.849745171301225,0.406,0.148,2.88965489529886e-55
"UBAC2",9.80240221040609e-60,0.770755949751011,0.479,0.19,3.1717632832211e-55
"TOP1",1.10302336630655e-59,1.19504830618181,0.273,0.074,3.56905270635812e-55
"ERV3-1",3.6626724565926e-59,0.980915670760835,0.377,0.136,1.18513092677967e-54
"LCN2",3.95423730196778e-59,0.966517869901808,0.369,0.131,1.27947256379772e-54
"SRGN",7.48108951478188e-59,-0.363144867591958,0.775,0.718,2.42065613429797e-54
"STX11",1.28038414850709e-58,0.905077205980644,0.355,0.119,4.14293898932438e-54
"CST3",1.45090795758295e-58,-0.564495232072727,0.68,0.661,4.69470287835116e-54
"CENPT",6.88182197063997e-58,0.971446966364337,0.319,0.1,2.22675113503998e-53
"IGF2BP3",1.56703950355967e-57,0.945700135089939,0.334,0.11,5.07046972166801e-53
"GMFG",2.15890388273691e-57,0.744658421915215,0.487,0.201,6.98556529337181e-53
"SMOX",8.94027164503683e-57,0.690202400386267,0.555,0.243,2.89280369618457e-52
"BTK",1.20837746074296e-56,1.04242144109244,0.298,0.09,3.90994694972598e-52
"GLA",1.342982996998e-56,1.11459127713386,0.285,0.084,4.34549008338644e-52
"ABI1",1.51052879032328e-56,1.27958901554465,0.251,0.066,4.88761800684904e-52
"SLBP",1.71154330764061e-56,1.10751877762128,0.27,0.075,5.53804068053273e-52
"GAPDH",2.54377415100787e-56,-0.289790284895369,0.846,0.751,8.23089002041618e-52
"TMEM40",5.80837130687618e-56,0.650595566332214,0.86,0.466,1.87941470376593e-51
"TAL1",7.23047782057223e-56,0.749872422864351,0.423,0.163,2.33956570840256e-51
"RAP1A",8.6382045288617e-56,0.978463138459338,0.33,0.111,2.79506383940378e-51
"RYBP",1.73902008563076e-55,1.03208053924917,0.312,0.102,5.62694729107545e-51
"GCLM",2.56402259250566e-55,1.0536918200935,0.29,0.088,8.29640790257055e-51
"ACP1",2.67155317744572e-55,0.832863547520025,0.386,0.145,8.64434461626113e-51
"ERBIN",2.68145913282633e-55,1.04582910309653,0.29,0.088,8.67639731608614e-51
"RBBP6",4.96644539576516e-55,0.665141808259634,0.632,0.293,1.60699273670773e-50
"ENKUR",6.85670071462452e-55,0.689915386927954,0.551,0.247,2.21862265023106e-50
"CARD19",7.48012259456778e-55,0.650654486895798,0.648,0.302,2.4203432679243e-50
"CLDN5",1.02171867417592e-54,0.680787928064376,0.63,0.292,3.30597511403101e-50
"LMNA",1.57251792217223e-54,0.679043414961755,0.585,0.26,5.08819624077269e-50
"RPS29",3.16089974986431e-54,-1.2074033160139,0.324,0.445,1.02277233206359e-49
"RPL37",3.83726041008977e-54,-1.13980684531062,0.344,0.461,1.24162235089275e-49
"PLEKHO1",1.22867617055774e-53,0.655448115304262,0.77,0.395,3.97562748507369e-49
"STOM",1.33130129534065e-53,0.648765910312183,0.612,0.279,4.30769160133375e-49
"INF2",1.75328979741792e-53,0.969208623550082,0.29,0.09,5.67311979750517e-49
"CFLAR",1.94120582987245e-53,1.01356085962666,0.291,0.092,6.2811597037183e-49
"RAB11A",2.02644408738133e-53,0.651431202897527,0.676,0.326,6.55696513353976e-49
"STK24",2.60659560514266e-53,0.754764906419258,0.408,0.159,8.43416139956011e-49
"PTTG1IP",6.1201126305527e-53,0.746337721653128,0.409,0.16,1.98028484386794e-48
"MKRN1",6.50496724783368e-53,0.647000296915205,0.48,0.197,2.10481225238154e-48
"H2AFJ",8.60945610284778e-53,0.65112428497934,0.629,0.301,2.78576171119846e-48
"CERS2",9.45012896514658e-53,0.719414479414999,0.404,0.155,3.05777822925248e-48
"MOB1B",9.65801527812283e-53,0.823329597631423,0.363,0.135,3.1250440035422e-48
"PBX1",9.83989931482182e-53,1.05717722074657,0.279,0.086,3.1838962212969e-48
"TAOK3",1.15747567484904e-52,0.964934465052991,0.301,0.098,3.74524404110903e-48
"RPL12",2.42304207743927e-52,-1.21892388221637,0.296,0.426,7.84023724997023e-48
"HIST1H2AE",9.83163148877763e-52,1.16268497377139,0.269,0.083,3.18122100082378e-47
"GFI1B",1.00942483289568e-51,0.716233750914582,0.409,0.162,3.26619593180054e-47
"RPS19",1.02412737082132e-51,-1.09303781876234,0.357,0.466,3.31376893376654e-47
"ARHGAP21",1.06957135435641e-51,0.775190700428036,0.39,0.151,3.46081203129104e-47
"ARF4",1.07987826237374e-51,1.1434553059044,0.262,0.078,3.4941620935627e-47
"RPL21",1.69949649207072e-51,-1.00003260406316,0.411,0.498,5.49906079939323e-47
"FYN",1.88749144907405e-51,0.860554450002842,0.318,0.109,6.1073560817689e-47
"LAT",6.25140036753812e-51,0.623868783794298,0.587,0.267,2.02276561692431e-46
"GNAQ",1.30377831524737e-50,0.871854026419753,0.295,0.096,4.21863549464591e-46
"COMMD7",1.42477263382288e-50,0.788563140173688,0.345,0.125,4.61013681126068e-46
"KIFC3",2.78086934346352e-50,0.743040237634881,0.348,0.127,8.9980589346449e-46
"SSBP2",3.08671949909517e-50,0.951498203996805,0.277,0.087,9.98769828322223e-46
"PRKCD",5.51869451592017e-50,0.980415232354565,0.275,0.087,1.78568398451629e-45
"MEPCE",5.84995161772418e-50,0.879716743205521,0.302,0.102,1.89286884494701e-45
"PTCRA",6.01648657802205e-50,0.620290523608753,0.856,0.483,1.9467545620506e-45
"CLINT1",7.80455939724249e-50,0.917147269018714,0.288,0.094,2.52532128416575e-45
"LYPLAL1",1.42834670165492e-49,0.663193832785278,0.476,0.206,4.62170142254481e-45
"BRD3",1.44237457945304e-49,1.01762616079824,0.261,0.08,4.66709142673619e-45
"NRDC",1.53156657735891e-49,0.877142763658926,0.287,0.094,4.95568997436022e-45
"UBXN2A",3.04031146983595e-49,1.16062020724613,0.253,0.077,9.83753582294817e-45
"SH3BGRL",3.39765514189671e-49,-0.663915615210618,0.579,0.592,1.09937927426352e-44
"IQGAP2",4.88270936296086e-49,0.687312607882497,0.423,0.174,1.57989826857325e-44
"TSC22D4",6.07697239164306e-49,1.0367650525707,0.252,0.076,1.96632595676394e-44
"BCL2L1",1.03679207362775e-48,0.809952809071169,0.325,0.118,3.35474811263731e-44
"MINDY1",1.05486415193715e-48,0.890250454215926,0.3,0.103,3.41322393642303e-44
"MISP3",1.11165797953638e-48,0.828455041375477,0.319,0.115,3.59699172438586e-44
"LYZ",2.31977680555793e-48,-1.20245282434512,0.282,0.41,7.50610180974381e-44
"RIOK3",5.44445639776632e-48,0.60694974849352,0.711,0.354,1.76166275662525e-43
"KLF3",7.24880292946514e-48,0.894212992093757,0.272,0.087,2.34549516388703e-43
"TERF2IP",9.04720359480538e-48,0.678121558245041,0.384,0.153,2.92740366717118e-43
"MFAP3L",1.89526900659372e-47,0.756469717968883,0.363,0.143,6.13252192463529e-43
"PKM",1.9716830334461e-47,-0.380851376982421,0.762,0.687,6.37977479132153e-43
"TRIM58",2.28258379022798e-47,0.629771607746636,0.488,0.214,7.38575637004067e-43
"CCS",3.52612096439453e-47,0.860423924413523,0.296,0.103,1.14094696044914e-42
"TRAPPC3L",5.53034271208967e-47,0.71762842443229,0.347,0.132,1.78945299135085e-42
"DNAJB6",5.72658783650638e-47,0.591612550795674,0.663,0.326,1.85295202625837e-42
"CORO1C",6.43767005043077e-47,0.742797633130858,0.367,0.146,2.08303689821789e-42
"PTK2",9.94978733934476e-47,0.865387543695977,0.277,0.092,3.21945268939179e-42
"HIST1H2AG",3.42206201087219e-46,0.946994878753075,0.281,0.097,1.10727660485791e-41
"NUTF2",3.4310718746473e-46,0.584516628209522,0.473,0.208,1.11019192647963e-41
"USP12",4.13365350310177e-46,0.935948033396093,0.255,0.081,1.33752626399864e-41
"GADD45A",5.14948684123353e-46,0.615668976980163,0.477,0.211,1.66621945721793e-41
"HIST1H3H",1.32827385894187e-45,0.593776581274225,0.681,0.352,4.2978957253782e-41
"LINC01003",1.42519817713066e-45,0.822129027860018,0.28,0.095,4.61151374174167e-41
"RPS15A",2.21274530531195e-45,-0.778960157028066,0.518,0.543,7.15977998439788e-41
"RHEB",2.71083136673616e-45,0.709338870943067,0.339,0.129,8.77143705334819e-41
"EPB41",3.37235599434602e-45,0.830356815171773,0.306,0.113,1.09119322909054e-40
"UBE2F",3.53705478732878e-45,0.782442989030526,0.317,0.119,1.14448481753597e-40
"VCL",3.80599208447966e-45,-0.2885926140446,0.795,0.697,1.23150485877508e-40
"AQP10",3.85048937555821e-45,0.81189953980043,0.288,0.101,1.24590284724937e-40
"AKIRIN1",8.14178955022783e-45,0.87203997295889,0.255,0.082,2.63443884476722e-40
"RPL18",9.10080604735137e-45,-1.18964276708219,0.29,0.406,2.94474781274148e-40
"RIPOR2",9.15026849020614e-45,0.581067840759696,0.698,0.359,2.960752375376e-40
"XPNPEP1",9.18419255410391e-45,0.654194910065603,0.359,0.142,2.9717291847314e-40
"RPL29",1.28068920638718e-44,-1.09872039410635,0.331,0.437,4.14392606510699e-40
"NDUFA5",1.30564662834317e-44,0.662633133716935,0.376,0.155,4.22468079532999e-40
"CDKN1A",2.0077209201335e-44,0.711075782979584,0.357,0.143,6.49638258127597e-40
"SERPINB1",2.26138937560781e-44,0.569121719894228,0.605,0.293,7.3171776026542e-40
"GUCY1B1",4.06184812082303e-44,0.580332066609943,0.463,0.205,1.31429219645471e-39
"HIST1H2BJ",4.52450477383632e-44,0.576330228421393,0.676,0.349,1.46399400967022e-39
"SPPL3",9.08269845569778e-44,0.830471579116073,0.262,0.088,2.93888873931013e-39
"MOB2",1.07363667863277e-43,0.762102622726907,0.29,0.104,3.47396620105204e-39
"CDC42SE2",1.12220310617679e-43,0.672386143984272,0.385,0.163,3.63111259065625e-39
"MORF4L1",1.1314575386264e-43,0.571407238073713,0.476,0.214,3.66105715773345e-39
"NT5C3A",1.28808133569558e-43,0.572973831726791,0.835,0.47,4.1678447779102e-39
"CSNK1A1",2.38614100882634e-43,0.857897594164826,0.266,0.092,7.72083646225937e-39
"CLEC1B",2.44167374105125e-43,0.585696448822717,0.673,0.337,7.90052372391954e-39
"ANKRD28",3.04111235849225e-43,0.866197930069783,0.287,0.105,9.84012725837336e-39
"VASP",3.38202938077393e-43,0.59623709238312,0.367,0.148,1.09432324673702e-38
"PHF20L1",4.24638545229145e-43,0.804990911270919,0.289,0.105,1.37400294079794e-38
"MIR4435-2HG",4.36723525596005e-43,0.548949968742259,0.474,0.213,1.41310631177099e-38
"VDAC3",5.94376980816466e-43,0.544891007406639,0.645,0.316,1.92322559682784e-38
"KIAA0513",5.95578964529632e-43,0.832035582362815,0.253,0.083,1.92711485552853e-38
"RIT1",1.74119327714541e-42,0.630378360893542,0.356,0.144,5.63397908685939e-38
"RHOF",1.81385697515634e-42,0.771649688678712,0.265,0.091,5.86909701451336e-38
"BNIP2",2.74563323914256e-42,0.585987233901412,0.418,0.182,8.88404547189357e-38
"RPS21",3.01971757635904e-42,-1.46214506480808,0.175,0.308,9.77090016182495e-38
"MT-ND3",3.22041201897905e-42,-0.491416031730763,0.66,0.626,1.04202871698105e-37
"TWF2",4.05835800093092e-42,0.709500757369336,0.274,0.096,1.31316289836122e-37
"MOB1A",5.04971877787734e-42,0.525399567806577,0.554,0.262,1.63393750495777e-37
"TSPOAP1-AS1",5.39860135037874e-42,0.595854253180894,0.37,0.153,1.74682543894205e-37
"RPS6",5.4186621191358e-42,-1.2082995902499,0.256,0.378,1.75331650188877e-37
"SQSTM1",7.8921107008049e-42,0.551283546805011,0.654,0.326,2.55365025945944e-37
"DAAM1",9.36807313860223e-42,0.720256226803293,0.282,0.102,3.03122742545752e-37
"LGALSL",1.10942165946812e-41,0.570910122950408,0.62,0.305,3.58975566354099e-37
"PGRMC1",1.79526476459639e-41,-0.26081922331031,0.83,0.719,5.80893819880453e-37
"LY6G6F",2.09915401495618e-41,0.584175134883794,0.344,0.137,6.79223264619371e-37
"RGS6",2.35564773415085e-41,0.809155660044996,0.261,0.091,7.62216937339189e-37
"BIN2",2.81205876116632e-41,0.537628111980313,0.683,0.344,9.09897853350588e-37
"SLA2",5.71126047675124e-41,0.627218027962485,0.34,0.137,1.8479925524624e-36
"KCTD20",7.08885400408484e-41,0.59553493139941,0.342,0.138,2.29374049010173e-36
"HIST1H1C",9.44517853990158e-41,0.55581568196772,0.526,0.252,3.05617642015595e-36
"RPS3",1.03829503240415e-40,-1.00481204644379,0.375,0.454,3.35961123635012e-36
"PPP1R15A",1.31123558727229e-40,0.617942450170258,0.358,0.15,4.24276498973696e-36
"GAS2L1",1.94640286811632e-40,0.531490169748435,0.498,0.232,6.29797576036397e-36
"VPS28",1.97320992494541e-40,0.51398265050916,0.483,0.224,6.38471535414586e-36
"BEX4",6.28530409882671e-40,0.726051185726392,0.275,0.101,2.03373584725736e-35
"BNIP3L",6.31611523166862e-40,0.672250097891901,0.328,0.134,2.04370540551102e-35
"PTPN18",6.86040653162312e-40,0.530580128622014,0.721,0.376,2.21982174143729e-35
"RPS25",7.51951601002761e-40,-1.19527121517182,0.28,0.389,2.43308979536463e-35
"RPL14",1.29923835719328e-39,-1.28064799589384,0.233,0.353,4.20394555237031e-35
"S100A9",1.50744748288421e-39,-1.30287339764411,0.235,0.351,4.87764782036843e-35
"AIG1",1.69437491089218e-39,0.738414906826302,0.269,0.099,5.48248889917382e-35
"ASAP2",1.72980304098524e-39,0.594216055347496,0.318,0.127,5.59712369971595e-35
"NAA38",2.59300272344044e-39,0.579690131513278,0.385,0.168,8.39017891223622e-35
"CD63",3.38972339932961e-39,0.530535996018448,0.493,0.234,1.09681280032108e-34
"CAP1",3.43379775185132e-39,0.526846371670639,0.636,0.321,1.11107393856653e-34
"EMC3",7.28469188595945e-39,0.490644157588819,0.585,0.287,2.3571077535399e-34
"HTATIP2",8.55495490014674e-39,0.676543914279826,0.302,0.119,2.76812675704048e-34
"UBE2D3",1.2323227843874e-38,0.697295375512924,0.274,0.103,3.98742683344232e-34
"CLTA",1.98883913722711e-38,0.615380239036925,0.333,0.139,6.43528679632575e-34
"SVIP",2.2381283842132e-38,0.498596171811586,0.521,0.253,7.24191201279867e-34
"CMTM6",2.25991849211133e-38,0.482815369274386,0.516,0.243,7.31241826492462e-34
"ANXA7",3.04832782207293e-38,0.639786673940335,0.306,0.123,9.86347433388138e-34
"LDLRAP1",4.00709089977894e-38,0.543698734904604,0.368,0.158,1.29657440244147e-33
"ABCC3",4.66065723536688e-38,0.475989402284889,0.404,0.178,1.50804886164766e-33
"PRDX6",4.83133328142421e-38,-0.299424392039974,0.773,0.669,1.56327450987043e-33
"ISCA1",5.71211403650931e-38,0.474961147994379,0.385,0.167,1.84826873879332e-33
"MEF2C",6.88477140240725e-38,0.7633484419856,0.252,0.092,2.22770548267691e-33
"UBL4A",7.15254774549014e-38,0.489985735689563,0.46,0.216,2.31434987400824e-33
"ATP5MPL",8.87828838665661e-38,0.516174055593158,0.434,0.2,2.87274777327048e-33
"PTP4A2",1.14987891953533e-37,0.506298227374357,0.71,0.37,3.72066321994048e-33
"SUPT4H1",1.46139235117785e-37,0.486062718980688,0.498,0.241,4.72862723070616e-33
"RTN3",1.74371763072578e-37,0.471724384993216,0.497,0.237,5.64214713773942e-33
"S100A4",1.88696296902575e-37,-1.27935685014784,0.225,0.34,6.10564607887662e-33
"ELOVL7",2.91168985486151e-37,0.515741290246288,0.353,0.15,9.42135486337539e-33
"RILPL2",4.53978418117384e-37,0.617605756857221,0.271,0.103,1.46893796750242e-32
"TSC22D1",6.92098280357024e-37,0.493789456505292,0.906,0.587,2.23942240575122e-32
"SPARC",8.39362522030143e-37,-0.335030493617253,0.762,0.667,2.71592531253293e-32
"TIMP1",9.11418093767524e-37,-0.296126121265767,0.8,0.694,2.94907552600358e-32
"PPP3R1",9.34353294920617e-37,0.526900991277661,0.366,0.16,3.02328695637464e-32
"MBP",1.01713522614149e-36,0.484656363753367,0.438,0.203,3.29114445122602e-32
"YPEL5",1.28651969658349e-36,0.493504761404661,0.531,0.263,4.16279178223518e-32
"CBX3",1.49520527415902e-36,0.73169792284965,0.268,0.104,4.83803570559635e-32
"TPST2",1.71108523124861e-36,0.482594967029009,0.585,0.291,5.53655848275113e-32
"ACTR3",1.89368730365481e-36,0.547680509716693,0.361,0.159,6.12740400843586e-32
"F2R",1.9770031263868e-36,0.572404311992733,0.304,0.123,6.39698901604977e-32
"S100A6",2.85836133380125e-36,-1.4647663374904,0.163,0.283,9.24879976778071e-32
"R3HDM4",2.9419872756731e-36,0.469536015353877,0.487,0.234,9.51938822789544e-32
"RTN4",3.26970598246918e-36,0.497781312437171,0.422,0.193,1.05797876474755e-31
"SLC40A1",3.68191782832736e-36,0.505629193482172,0.555,0.282,1.19135815171188e-31
"PCMTD1",4.03114522947935e-36,0.513074686434074,0.361,0.16,1.30435766190263e-31
"ARHGAP6",5.05110901664581e-36,0.472315144584754,0.564,0.28,1.63438734451609e-31
"ORAI2",5.24927092777225e-36,0.722068335792893,0.253,0.095,1.69850659409927e-31
"RPS16",5.97517151069175e-36,-1.32572201662478,0.193,0.311,1.93338624571453e-31
"HGD",6.56187927860571e-36,0.593195572227778,0.335,0.146,2.12322727817845e-31
"SERPINB6",1.1938530443498e-35,0.590376005225467,0.265,0.101,3.86295029560264e-31
"PTPN12",1.25219374775315e-35,0.481884051299664,0.472,0.225,4.05172330960487e-31
"YY1",1.38202817600855e-35,0.609604510231227,0.297,0.122,4.47182856911085e-31
"RPL26",1.55089268158511e-35,-1.16255427865276,0.272,0.375,5.01822344980495e-31
"GP1BA",1.57597354353857e-35,0.475031109247638,0.36,0.157,5.09937759482775e-31
"WASF2",1.77559426091071e-35,0.629207679538027,0.281,0.111,5.74529035002878e-31
"PTPRA",3.0535110583308e-35,0.649000839203783,0.263,0.102,9.88024573144096e-31
"S100A8",3.87157647904326e-35,-1.26978419786912,0.221,0.333,1.25272600132403e-30
"RPL7A",5.15282902961642e-35,-1.02930560093644,0.327,0.413,1.66730088911298e-30
"JAK1",5.25472452361631e-35,0.468006015086366,0.376,0.17,1.70027121410653e-30
"PPP1R14A",6.39528367792622e-35,0.498931029377121,0.42,0.199,2.06932193966659e-30
"ADD3",1.21067168338204e-34,0.576874526313283,0.288,0.117,3.91737036591928e-30
"NCK2",2.30584157181866e-34,0.487299212893852,0.674,0.351,7.46101157393364e-30
"CD226",4.01422568856406e-34,0.46052842666858,0.531,0.265,1.29888300604867e-29
"SLC35D2",4.47840463496422e-34,0.572517950196179,0.262,0.102,1.44907738773537e-29
"RBX1",4.70681074600581e-34,0.477919424329692,0.702,0.373,1.5229827530851e-29
"MARCH2",6.87426814521879e-34,-0.262418698579539,0.799,0.684,2.22430694374844e-29
"MPST",1.44132127494457e-33,0.539426789677241,0.284,0.117,4.66368324933814e-29
"EIF2AK1",1.80863423549998e-33,0.48801656594184,0.687,0.364,5.8521977958073e-29
"FAXDC2",1.9475017916094e-33,0.433554040735451,0.443,0.213,6.30153154711053e-29
"SRSF6",3.03290815640564e-33,0.577014971908698,0.282,0.118,9.81358092168174e-29
"PLA2G12A",4.46609886731204e-33,0.449143865013814,0.378,0.174,1.44509561049616e-28
"ALOX12",5.62472233123246e-33,0.488753082235384,0.335,0.149,1.81999140471689e-28
"CYB5R1",5.76350525772463e-33,0.527992048217817,0.293,0.123,1.86489739624196e-28
"SMIM3",7.43905298757788e-33,0.411953711112261,0.461,0.222,2.40705437519058e-28
"FCER1G",9.44789831120553e-33,-0.781285670174066,0.412,0.471,3.05705645655677e-28
"RPL24",2.38116460800039e-32,-1.34574248028457,0.195,0.302,7.70473432210687e-28
"SUMO2",2.38550675989835e-32,0.428959106913101,0.445,0.217,7.71878422300309e-28
"AC100810.1",3.03464204509944e-32,0.489389104168392,0.286,0.12,9.81919126532827e-28
"LYN",5.93450939503503e-32,0.489818056002528,0.302,0.131,1.92022920495148e-27
"RPA1",1.24846607563516e-31,0.429064017877094,0.398,0.19,4.03966168093268e-27
"AMD1",1.34252192015736e-31,0.450919905167574,0.519,0.266,4.34399817705316e-27
"NAP1L4",1.57546528277397e-31,0.538529709068051,0.277,0.116,5.09773301547175e-27
"SRSF8",1.729810237515e-31,0.449631809418557,0.333,0.15,5.5971469855273e-27
"ADIPOR1",2.36847579178467e-31,0.401574522803765,0.433,0.211,7.66367711947765e-27
"RDH11",3.32604011277182e-31,0.405386852690259,0.47,0.234,1.07620679928958e-26
"RPL9",3.62523984572773e-31,-1.12176682559724,0.275,0.366,1.17301885688212e-26
"RAB8A",4.62043961533882e-31,0.38447093036672,0.496,0.247,1.49503564633518e-26
"RPS15",7.42422153043141e-31,-0.920282491058566,0.379,0.436,2.40225536060169e-26
"RPL5",1.13962347104825e-30,-1.11779862352884,0.253,0.35,3.68747966527083e-26
"RPL37A",1.14987643475864e-30,-1.22079434296971,0.226,0.327,3.72065517994854e-26
"MICU1",1.16447339866907e-30,0.522718644681852,0.285,0.124,3.76788657607352e-26
"TMOD3",1.82287893329577e-30,0.407733970750312,0.484,0.244,5.89828936446511e-26
"RPL10A",2.73016422811312e-30,-1.41293850951336,0.16,0.266,8.83399239290562e-26
"LRBA",4.94274177558643e-30,0.478807472296007,0.275,0.117,1.5993229563265e-25
"RPL3",5.64729889961133e-30,-1.11764725236471,0.259,0.351,1.82729650494724e-25
"ITGB1",5.71973966947395e-30,-0.461870465210804,0.645,0.586,1.85073616485168e-25
"TMEM91",1.07192667935178e-29,0.374604418577152,0.456,0.228,3.46843315637857e-25
"RPL8",1.75618560319737e-29,-1.11637408620272,0.266,0.356,5.68248975626575e-25
"UXS1",4.88723954167383e-29,0.426161634883449,0.287,0.126,1.5813640984994e-24
"SUSD3",5.00636344291039e-29,0.426463974136879,0.265,0.112,1.61990901922252e-24
"RPL6",1.34729243615028e-28,-1.03872636144345,0.303,0.38,4.35943413565147e-24
"RPS5",1.35837608549733e-28,-1.41444383733234,0.161,0.263,4.39529749984371e-24
"H2AFZ",2.18826277877943e-28,0.407769516646793,0.324,0.151,7.08056187329659e-24
"RPL23A",5.89062731669102e-28,-1.2635608472233,0.185,0.285,1.90603028086171e-23
"STK4",9.59631507545711e-28,0.426949058535766,0.303,0.139,3.10507966896566e-23
"SYTL4",9.7532425435336e-28,0.446812818584893,0.274,0.122,3.15585668981117e-23
"PRKCB",1.27923357100509e-27,0.336754283014853,0.419,0.208,4.13921606570116e-23
"ARHGEF12",1.77966592647503e-27,0.50789997188706,0.25,0.108,5.75846503829527e-23
"UBE2E3",2.5738208662514e-27,0.334657196794616,0.458,0.234,8.32811217692964e-23
"RPS9",3.03402757051606e-27,-1.33269178955117,0.179,0.275,9.81720300991881e-23
"EEF1B2",3.32099326433083e-27,-1.39814150036927,0.152,0.251,1.07457379053953e-22
"CCDC85B",6.94361569544951e-27,0.380267839398306,0.553,0.293,2.2467457305766e-22
"CAPZA2",7.02640000948581e-27,0.40082528254778,0.681,0.37,2.27353225106932e-22
"MAP2K3",8.68443642396042e-27,0.488708767848312,0.254,0.112,2.81002309370087e-22
"AP1S2",1.29720759580524e-26,0.356196658541738,0.431,0.222,4.19737461774703e-22
"RPS19BP1",2.77620079360935e-26,0.423377993351938,0.258,0.114,8.98295290788177e-22
"CAPN1",5.53189803182477e-26,0.314431804508778,0.425,0.216,1.78995624615754e-21
"TST",8.54616966859965e-26,0.333460394901204,0.356,0.175,2.76528411966879e-21
"YPEL3",1.25359759674452e-25,0.381502117545969,0.34,0.168,4.05626574378625e-21
"MBNL1",1.32321277770489e-25,0.375971353726623,0.595,0.327,4.28151958481973e-21
"MYLK",1.47514555029453e-25,0.359267737600608,0.586,0.315,4.77312845708801e-21
"ORAI1",1.5558286918277e-25,0.337570045401271,0.296,0.138,5.03419489814688e-21
"YWHAE",1.92328380509695e-25,0.304697999352149,0.481,0.252,6.22316940815221e-21
"PDE5A",3.97916269097836e-25,0.335518762507677,0.501,0.265,1.28753767191987e-20
"HK1",4.49218393387854e-25,0.320776862798351,0.366,0.183,1.45353595548508e-20
"GTF3C6",5.42009551839118e-25,0.352869620676141,0.321,0.157,1.75378030688583e-20
"RPL13A",6.01686356940353e-25,-1.02227131238546,0.29,0.36,1.9468765451519e-20
"NDUFS5",6.50907174388107e-25,0.366939270032306,0.584,0.316,2.1061403441676e-20
"PECAM1",8.34000782246285e-25,0.319783579856467,0.308,0.148,2.6985763311143e-20
"SUB1",1.11069687131793e-24,0.363072252105374,0.314,0.153,3.59388186652343e-20
"UBA52",1.19126943651839e-24,-0.850975681419858,0.387,0.423,3.85459051574256e-20
"VTI1B",1.34901934732775e-24,0.366184825273508,0.262,0.121,4.36502190214839e-20
"EHD1",1.79036525212879e-24,0.403393901991218,0.255,0.116,5.79308484631314e-20
"DIAPH1",1.89949770542453e-24,0.294131483633535,0.39,0.198,6.14620472544214e-20
"ATF4",2.22159862602884e-24,0.339553083881518,0.323,0.16,7.18842667424153e-20
"RPS7",4.77137005215935e-24,-0.927044598101312,0.346,0.397,1.5438722077772e-19
"CTDSPL",1.02007676751384e-23,0.285069676362113,0.528,0.28,3.30066239664455e-19
"VAMP8",1.9761209336547e-23,0.367027113779301,0.268,0.127,6.3941345050265e-19
"RPL22",2.52631309533548e-23,-1.22980701658454,0.186,0.273,8.17439128257703e-19
"EMP3",3.22664410497613e-23,0.3115491716249,0.532,0.29,1.04404523304713e-18
"CLCN3",3.53749399398101e-23,0.294038634571266,0.438,0.231,1.14462693163243e-18
"P2RX1",4.59569843901226e-23,0.300244727460274,0.254,0.118,1.4870301439112e-18
"G3BP2",5.09291312113104e-23,0.274216043087204,0.333,0.167,1.64791389860437e-18
"MAGED2",1.07855986229649e-22,0.262683940062698,0.382,0.197,3.48989614643275e-18
"PRKAR1A",1.21120210124309e-22,0.317827800849326,0.279,0.136,3.91908663899228e-18
"LTBP1",1.50597480088939e-22,0.32970414988836,0.28,0.136,4.87288266323779e-18
"UBXN11",1.56614719672004e-22,0.356619957484823,0.269,0.129,5.06758248442704e-18
"ARHGAP45",1.62564890186353e-22,0.297181123872637,0.257,0.121,5.26011215175981e-18
"WBP2",2.25000934756036e-22,0.265476334301487,0.508,0.275,7.28035524590104e-18
"YWHAQ",2.37380248541348e-22,0.281624586132023,0.375,0.196,7.68091270205239e-18
"RAB4A",3.29063456449566e-22,0.279946609979654,0.415,0.223,1.06475062603386e-17
"PDZK1IP1",3.69277634875032e-22,0.292724621731418,0.508,0.283,1.19487164316514e-17
"ZCCHC17",3.95653077242587e-22,0.252209909100349,0.377,0.196,1.28021466203384e-17
"RPL36",5.51325987709119e-22,-1.06782317944363,0.235,0.312,1.7839254984304e-17
"LRRFIP1",7.74663113598098e-22,0.344467738811713,0.282,0.141,2.50657743666937e-17
"CIRBP",9.70262474579944e-22,0.292752034473963,0.314,0.161,3.13947828899833e-17
"PCMT1",1.05468341045511e-21,0.295568924147518,0.27,0.131,3.4126391112096e-17
"RPSA",1.29481802739679e-21,-1.27139846100313,0.171,0.253,4.18964269124778e-17
"AL731557.1",3.38028228782869e-21,0.290688773986953,0.302,0.153,1.09375793987273e-16
"CD9",3.5287743457571e-21,-0.384791821004899,0.631,0.564,1.14180551505663e-16
"FLNA",3.73692664769236e-21,-0.539046467696328,0.524,0.5,1.20915735539382e-16
"ARPC2",5.01271406528705e-21,0.295919243905312,0.578,0.321,1.62196389010493e-16
"RPL38",9.55526039974323e-21,-1.24466204112835,0.178,0.258,3.09179560754492e-16
"DMTN",1.17188016254882e-20,0.26665441608522,0.473,0.258,3.79185264195923e-16
"DAPP1",2.04792597319906e-20,0.366439844254296,0.731,0.423,6.62647407148019e-16
"CA2",8.45665009355669e-20,0.329764023548258,0.668,0.388,2.73631827077214e-15
"RPS26",7.7770085089662e-19,-0.932227007014684,0.299,0.351,2.51640664324619e-14
"FXYD5",1.04590389534817e-18,0.253200366896577,0.528,0.3,3.38423123417808e-14
"RAB31",1.73308964408993e-18,0.288291246606904,0.268,0.14,5.60775816138177e-14
"C2orf88",7.02919803150137e-18,0.387699447763351,0.815,0.502,2.2744376070529e-13
"GMPR",1.31328086232601e-17,0.28548468797162,0.621,0.359,4.24938288622828e-13
"RPL35A",1.52081354694031e-17,-0.374570483736557,0.648,0.553,4.92089639383477e-13
"AP003068.2",2.23993694728954e-16,0.305331373324425,0.678,0.403,7.24776398034478e-12
"TRAPPC1",6.16383730392019e-15,-0.495525613876006,0.529,0.486,1.99443283642946e-10
"RPL27A",6.2609788178224e-15,-1.07140863367474,0.214,0.272,2.02586491608279e-10
"RNF11",9.68326676723517e-15,-0.410576765544942,0.602,0.52,3.13321462787428e-10
"ARHGAP18",6.98043141628426e-14,0.297597805108333,0.715,0.423,2.2586581933671e-09
"FKBP1A",3.29991595001932e-13,-0.346843966722643,0.638,0.538,1.06775380394775e-08
"UBB",5.2769130947216e-13,-0.503411993937134,0.53,0.477,1.70745077005907e-08
"RPS11",2.49497299834913e-12,-0.851657202317559,0.303,0.33,8.07298413075827e-08
"NACA",9.21639240145707e-11,-0.758395178347092,0.327,0.343,2.98214808933946e-06
"TUBA1B",1.59415377807457e-10,-0.480387299078515,0.525,0.461,5.15820337971589e-06
"MMD",3.39350655124861e-10,0.298169455335496,0.821,0.526,1.09803691478751e-05
"NDUFAF3",6.77729366653582e-10,-0.574214769151538,0.452,0.417,2.192928911681e-05
"FAU",6.92178377134545e-10,-0.496372698269176,0.514,0.452,2.23968157489425e-05
"YBX1",2.01813053744478e-09,-0.653251068538764,0.392,0.379,6.53006498001008e-05
"MPP1",2.37750260571832e-08,0.312594403417039,0.869,0.573,0.000769288518132276
"PARVB",2.51293954058221e-08,-0.444615665054025,0.475,0.431,0.000813111847146186
"ACRBP",1.61099511404515e-07,0.306544492979553,0.929,0.655,0.00521269689051589
"MT-ND5",1.65730772325372e-07,-0.41801312193454,0.523,0.453,0.00536255060013205
"SNCA",2.97855096237193e-07,-0.302924169791297,0.612,0.498,0.00963769734894685
"C9orf16",1.89396916266747e-06,-0.293516375821673,0.623,0.502,0.0612831601964314
"ITGA2B",2.5141603452135e-06,-0.330481091606227,0.593,0.48,0.0813506862900732
"RPS20",4.42635360359647e-06,-0.809152113578579,0.244,0.26,0.143223523551571
"MYH9",9.42756054173851e-06,-0.304042273777918,0.587,0.479,0.305047576449033
"COTL1",4.14844066312465e-05,-0.380269462759091,0.516,0.433,1
"RACK1",0.000286503665069901,-0.764758637762129,0.256,0.257,1
"RPL15",0.000660441950960095,-0.324110522220956,0.541,0.44,1
"JAM3",0.00151938687956313,-0.293932089905739,0.25,0.18,1
"CALD1",0.00234394118623622,-0.302015521637353,0.297,0.212,1
"SARAF",0.00326931023492999,-0.296291709755632,0.291,0.211,1
"PABPC1",0.003581845293876,-0.407501505974718,0.473,0.391,1
"CAPNS1",0.00391247419370199,-0.262399195414143,0.298,0.215,1
"HDGF",0.0039976037418421,-0.322951358207538,0.266,0.194,1
"SSR4",0.0111195175503878,-0.292583777737804,0.53,0.426,1
"UQCR11",0.0111299542457273,-0.486798826743103,0.383,0.333,1
"CXCL5",0.0125417882611222,-0.273347078471862,0.322,0.237,1
"MMP24OS",0.0149290974123946,-0.342614207288342,0.252,0.189,1
"GPSM3",0.0153070819360221,-0.276667225196863,0.34,0.25,1
"PPIA",0.0189040940300033,-0.552898659381584,0.335,0.3,1
"FHL1",0.0298756015410474,-0.27153225533947,0.36,0.265,1
"PSAP",0.0310138268906548,-0.575030492736942,0.303,0.275,1
"CD151",0.0533717864528259,-0.437958452733348,0.398,0.334,1
"STMP1",0.0590966707528079,-0.376186837221901,0.435,0.362,1
"MT-ND4L",0.0844836341003469,-0.347968673802934,0.253,0.199,1
"ABHD17A",0.0976591325340976,-0.39694053630393,0.298,0.227,1
"AP001189.1",0.133285200909326,-0.264991075062981,0.541,0.419,1
"TAF10",0.173236433046599,-0.327902259279824,0.368,0.279,1
"UCP2",0.252903382420473,-0.379954473402323,0.268,0.216,1
"TMA7",0.261209082021189,-0.389075098881154,0.395,0.328,1
"COX4I1",0.278074084705567,-0.376174478500786,0.325,0.254,1
"C12orf75",0.417110067579679,-0.403785746727192,0.371,0.308,1
"PRDX5",0.484226956748034,-0.320175198524857,0.374,0.291,1
"SKP1",0.551091207419681,-0.366848024213164,0.406,0.326,1
"DBNL",0.6146227429149,-0.443710872833501,0.299,0.241,1
"ADI1",0.735474652975091,-0.47622837970346,0.309,0.259,1
"C4orf3",0.861019809780683,-0.483379014321129,0.28,0.238,1
"CYB5R3",0.875050464900345,-0.431102023481353,0.332,0.272,1
"SEPT2",0.92660999472186,-0.532567358467523,0.256,0.219,1
